{
  "name": "Slack",
  "description": "",
  "form": "0fac641a-7613-4265-a9ce-703ac4a40ae8",
  "blocks": [
    {
      "id": "2f5076b0-2874-4701-ac14-8b333386f543",
      "label": "Slack - Archive Channel",
      "environment": "HOSTED",
      "presentation": "{\"w\":60,\"x\":220,\"h\":60,\"y\":260}",
      "step": "290259e4-3526-43b9-8e15-9968b84e94d7",
      "stepType": "SCRIPT_STEP",
      "inputMappings": [
        {
          "inputPort": "input",
          "mapping": "false",
          "stepInput": "b1502cc8-40d4-4ff9-a914-02ff33b7c1e4"
        }
      ]
    },
    {
      "id": "15b310ed-ceb5-43d8-81e8-1888954c824e",
      "label": "Slack - Invite to Channel",
      "environment": "HOSTED",
      "presentation": "{\"w\":60,\"x\":221,\"h\":60,\"y\":40}",
      "step": "a7ba0554-5339-4243-9b3c-6ed81fbea247",
      "stepType": "SCRIPT_STEP"
    }
  ]
}