{
  "name": "Slack",
  "form": "a2699882-0da0-44fc-91d2-05fdf8ef42c2",
  "blocks": [
    {
      "id": "6aa6d143-82f8-40bf-9580-3c14e1d3e339",
      "label": "Slack - Archive Channel",
      "environment": "HOSTED",
      "presentation": "{\"w\":60,\"x\":170,\"h\":60,\"y\":170}",
      "step": "811eb4e1-8372-4091-8c8d-a4894bc0b367",
      "stepType": "SCRIPT_STEP",
      "inputMappings": [
        {
          "inputPort": "input",
          "mapping": "false",
          "stepInput": "722229e4-d8da-4a0f-8bd1-b183c5daad56"
        }
      ]
    },
    {
      "id": "4e4939ba-166c-4876-8ac8-198e41496193",
      "label": "Slack - Invite to Channel",
      "environment": "HOSTED",
      "presentation": "{\"w\":60,\"x\":170,\"h\":60,\"y\":0}",
      "step": "cd3c11ab-6270-48bb-84d8-cf724b151791",
      "stepType": "SCRIPT_STEP"
    }
  ]
}