{
  "name": "Slack",
  "form": "c1844a38-b610-4aea-97ec-7b501c0b5614",
  "blocks": [
    {
      "id": "0234c305-7c24-4859-81ad-0d9d01990401",
      "label": "Slack - Archive Channel",
      "environment": "HOSTED",
      "presentation": "{\"w\":60,\"x\":170,\"h\":60,\"y\":170}",
      "step": "0be7711f-ebcd-452e-9572-3be23d3fdfb6",
      "stepType": "SCRIPT_STEP",
      "inputMappings": [
        {
          "inputPort": "input",
          "mapping": "false",
          "stepInput": "5dca6bd8-87fb-427e-b112-97907dc586bd"
        }
      ]
    }
  ]
}