{
  "name": "Slack",
  "description": "",
  "form": "3334596f-4e11-4b84-80b6-899b40612eb0",
  "blocks": [
    {
      "id": "bbfc76e6-d0b1-45ed-9b1a-542125882b23",
      "label": "Slack - Archive Channel",
      "environment": "HOSTED",
      "presentation": "{\"w\":60,\"x\":220,\"h\":60,\"y\":260}",
      "step": "a0a9e7e6-8e8a-4d19-8672-8b9ea45fe76d",
      "stepType": "SCRIPT_STEP",
      "inputMappings": [
        {
          "inputPort": "input",
          "mapping": "false",
          "stepInput": "b4c9c03f-7507-4dcc-b848-336b1ab84a86"
        }
      ]
    },
    {
      "id": "c2554ab2-752d-44d4-851d-2745bf49a37d",
      "label": "Slack - Invite to Channel",
      "environment": "HOSTED",
      "presentation": "{\"w\":60,\"x\":220,\"h\":60,\"y\":40}",
      "step": "cd3c11ab-6270-48bb-84d8-cf724b151791",
      "stepType": "SCRIPT_STEP"
    }
  ]
}