[
  {
    "id": "811eb4e1-8372-4091-8c8d-a4894bc0b367",
    "name": "Slack - Archive Channel",
    "description": "Archives a channel",
    "icon": "/static/images/logos/SLACK.svg",
    "script": "\nvar channel = input['Channel Name'].toLowerCase();\nvar throwErr = (input['Throw error if not found?'].toLowerCase() == \"true\" ? true : false );\n\n\nvar channelJSON = getChannelDetails( channel );\nif( !channelJSON ) {\n   channelJSON = getChannel( channel );\n}\n\nif( !channelJSON ){\n    console.log( 'Could not get info for channel \"' + channel + '\"' );\n    if( throwErr )\n       throw 'ERROR: Could not get info for channel \"' + channel + '\"';\n    else\n       console.log( 'Continuing happily' );\n}\n\n\nvar slackRequest = http.request({\n    'endpoint': 'Slack',\n    'method': 'POST',\n    'autoEncodeURI': false,\n    'path': 'conversations.archive?token=' + http.authenticate( 'Slack' ) + '&channel=' + channelJSON.id,\n    'headers': {\n        'Content-Type': 'application/json'\n    }\n});\n\nvar slackResponse = slackRequest.write();\nvar slackBody = JSON.parse( slackResponse.body );\n\n\nfunction getChannel( channelName ) {\n    \n    \n    var slackRequest;\n    var slackResponse;\n    var slackBody;\n    var cursor = '';\n    var more = false;\n    \n    do { \n        \n        slackRequest = http.request({\n            'endpoint': 'Slack',\n            'method': 'GET',\n            'path': '/conversations.list?token=' + http.authenticate( 'Slack' ) + cursor\n        });\n        \n        slackResponse = slackRequest.write();\n        slackBody     = JSON.parse( slackResponse.body );\n        if( !slackBody.ok ){\n            console.log( 'Error getting Channel list: ' + slackBody.error );\n            return null;\n        }\n    \n        for( var i in slackBody.channels ) {\n            //console.log( 'Checking \"' + slackBody.channels[i].name + '\"' );\n            if( slackBody.channels[i].name == channelName )\n              return slackBody.channels[i];\n        }\n        \n        if( slackBody.response_metadata && slackBody.response_metadata.next_cursor ) {\n            cursor = \"&cursor=\" + slackBody.response_metadata.next_cursor;\n            more = true;\n        }\n        else\n           more = false;\n    \n    } while( more );\n            \n    return null;\n            \n}\n\n\nfunction getChannelDetails( channelID ) {\n\n\n    var slackRequest = http.request({\n        'endpoint': 'Slack',\n        'method': 'GET',\n        'path': '/conversations.info?token=' + http.authenticate( 'Slack' ) + '&channel=' + channelID\n    });\n    \n    var slackResponse = slackRequest.write();\n    var slackBody     = JSON.parse( slackResponse.body );\n\n    if( !slackBody.ok ){\n        console.log( 'Error getting Channel: ' + slackBody.error );\n        return null;\n    }\n    \n    return slackBody.channel;\n}\n\n\n\n\n",
    "endpointAuthType": "OAUTH_SLACK",
    "endpointLabel": "Slack",
    "allowedEnvironment": "HOSTED",
    "accessibleByAll": "NotShared",
    "scriptStepType": "USER",
    "inputs": [
      {
        "id": "d9162a79-d2a5-4ac5-8957-08c3532e0bae",
        "name": "Channel Name",
        "helpText": "The name of the channel to archive {channel}",
        "defaultValue": "",
        "multiline": false,
        "required": true,
        "validationRegex": "",
        "maxLength": 22,
        "minLength": 0,
        "position": 0
      },
      {
        "id": "722229e4-d8da-4a0f-8bd1-b183c5daad56",
        "name": "Throw error if not found?",
        "helpText": "Throws an error if the channel is not found. Otherwise, silently continues.",
        "defaultValue": "false",
        "multiline": false,
        "required": false,
        "maxLength": 2000,
        "minLength": 0,
        "position": 1
      }
    ],
    "outputs": []
  },
  {
    "id": "cd3c11ab-6270-48bb-84d8-cf724b151791",
    "name": "Slack - Invite to Channel",
    "description": "",
    "icon": "/static/images/logos/SLACK.svg",
    "script": "\nvar channel = input['Channel Name'].toLowerCase();\nvar user    = input['Username'];\n\n\nvar channelJSON = getChannelDetails( channel );\nif( !channelJSON ) {\n   channelJSON = getChannel( channel );\n}\n\nif( !channelJSON ){\n    console.log( 'ERROR: Could not get info for channel \"' + channel + '\"' );\n    throw 'ERROR: Could not get info for channel \"' + channel + '\"';\n}\n\nvar users = [];\nvar userIDs = [];\nif( user.indexOf( ',' ) === 0 ) {\n    users = [ user ];\n}\nelse {\n    users = user.split( ',' );\n}\n\nfor( var u in users ) {\n    userJSON = getUser( users[u].trim() );\n    \n    if( !userJSON ) {\n        console.log( 'ERROR: Could not get info for user \"' + user + '\"' );\n    }\n    else {\n        // The API fails the whole call if one of the \n        // users invited is already in the channel. \n        // By inviting them one at a time, the call\n        // might fail but the others will succeed. \n        inviteSlackUser( channelJSON.id, userJSON.id );\n        //userIDs.push( userJSON.id );\n    }\n    \n}\n\n\n\n\n\nfunction getChannel( channelName ) {\n    \n    \n    var slackRequest;\n    var slackResponse;\n    var slackBody;\n    var cursor = '';\n    var more = false;\n    \n    do { \n        \n        slackRequest = http.request({\n            'endpoint': 'Slack',\n            'method': 'GET',\n            'path': '/conversations.list?token=' + http.authenticate( 'Slack' ) + cursor\n        });\n        \n        slackResponse = slackRequest.write();\n        slackBody     = JSON.parse( slackResponse.body );\n        if( !slackBody.ok ){\n            console.log( 'Error getting Channel list: ' + slackBody.error );\n            return null;\n        }\n    \n        for( var i in slackBody.channels ) {\n            //console.log( 'Checking \"' + slackBody.channels[i].name + '\"' );\n            if( slackBody.channels[i].name == channelName )\n              return slackBody.channels[i];\n        }\n        \n        if( slackBody.response_metadata && slackBody.response_metadata.next_cursor ) {\n            cursor = \"&cursor=\" + slackBody.response_metadata.next_cursor;\n            more = true;\n        }\n        else\n           more = false;\n    \n    } while( more );\n            \n    return null;\n            \n}\n\n\n\nfunction getUser( userName ) {\n    \n    var slackRequest;\n    var slackResponse;\n    var slackBody;\n    var cursor = '';\n    var more = false;\n\n    do { \n    \tslackRequest = http.request({\n    \t    'endpoint': 'Slack',\n    \t    'method': 'GET',\n    \t    'path': '/users.list?token=' + http.authenticate( 'Slack' ) + cursor\n    \t});\n    \t\n    \tslackResponse = slackRequest.write();\n    \tslackBody     = JSON.parse( slackResponse.body );\n    \tif( !slackBody.ok ) {\n    \t    console.log( 'Error getting user \"' + userid + '\"' );\n    \t    return null;\n    \t}\n\t\n    \tfor( var i in slackBody.members ) {\n    \t    //console.log( 'Checking \"' + slackBody.channels[i].name + '\"' );\n    \t    if( slackBody.members[i].name == userName )\n    \t      return slackBody.members[i];\n    \t}\n\n\n        if( slackBody.response_metadata && slackBody.response_metadata.next_cursor ) {\n            cursor = \"&cursor=\" + slackBody.response_metadata.next_cursor;\n            more = true;\n        }\n        else\n           more = false;\n\n\n\t} while( more );\n\n    return null;\n    \n}\n\n\n\n\nfunction getChannelDetails( channelName ) {\n\n\n    var slackRequest = http.request({\n        'endpoint': 'Slack',\n        'method': 'GET',\n        'path': '/channels.info?token=' + http.authenticate( 'Slack' )\n    });\n    \n    var slackResponse = slackRequest.write();\n    var slackBody     = JSON.parse( slackResponse.body );\n\n    if( !slackBody.ok ){\n        console.log( 'Error getting Channel: ' + slackBody.error );\n        return null;\n    }\n    \n    return slackBody.channel;\n}\n\n\n\n\nfunction inviteSlackUser( channel, user ){\n    \n    console.log( \"Inviting users: '\" + user + \"' to '\" + channel + \"'\" );\n    \n    var request = http.request({\n        'endpoint': 'Slack',\n        'method': 'POST',\n        'autoEncodeURI': false,\n        'path': 'conversations.invite?token=' + http.authenticate( 'Slack' ) + '&channel=' + channel + \"&users=\" + user,\n        'headers': {\n            'Content-Type': 'application/json'\n        }\n    });\n    \n    var response = request.write();\n    \n    var json = JSON.parse( response.body );\n    \n}\n\n\n\n",
    "endpointAuthType": "OAUTH_SLACK",
    "endpointLabel": "Slack",
    "allowedEnvironment": "HOSTED",
    "accessibleByAll": "NotShared",
    "scriptStepType": "USER",
    "inputs": [
      {
        "id": "0236b9de-cb23-4765-b6ae-81534f24bfd8",
        "name": "Channel Name",
        "helpText": "The name or comma separated names of the channel to invite the user {channel}",
        "defaultValue": "",
        "multiline": false,
        "required": true,
        "validationRegex": "",
        "maxLength": 22,
        "minLength": 0,
        "position": 0
      },
      {
        "id": "80246cf1-aaac-4097-96c8-b940d719e00a",
        "name": "Username",
        "helpText": "The name of the user to invite. {user}",
        "defaultValue": "",
        "multiline": false,
        "required": true,
        "validationRegex": "",
        "maxLength": 100,
        "minLength": 0,
        "position": 1
      }
    ],
    "outputs": []
  }
]