[
  {
    "id": "0be7711f-ebcd-452e-9572-3be23d3fdfb6",
    "name": "Slack - Archive Channel",
    "description": "Archives a channel",
    "icon": "/static/images/logos/SLACK.svg",
    "script": "\nvar channel = input['Channel Name'].toLowerCase();\nvar throwErr = (input['Throw error if not found?'].toLowerCase() == \"true\" ? true : false );\n\n\nvar channelJSON = getChannelDetails( channel );\nif( !channelJSON ) {\n   channelJSON = getChannel( channel );\n}\n\nif( !channelJSON ){\n    console.log( 'Could not get info for channel \"' + channel + '\"' );\n    if( throwErr )\n       throw 'ERROR: Could not get info for channel \"' + channel + '\"';\n    else\n       console.log( 'Continuing happily' );\n}\n\n\nvar slackRequest = http.request({\n    'endpoint': 'Slack',\n    'method': 'POST',\n    'autoEncodeURI': false,\n    'path': 'conversations.archive?token=' + http.authenticate( 'Slack' ) + '&channel=' + channelJSON.id,\n    'headers': {\n        'Content-Type': 'application/json'\n    }\n});\n\nvar slackResponse = slackRequest.write();\nvar slackBody = JSON.parse( slackResponse.body );\n\n\nfunction getChannel( channelName ) {\n    \n    \n    var slackRequest;\n    var slackResponse;\n    var slackBody;\n    var cursor = '';\n    var more = false;\n    \n    do { \n        \n        slackRequest = http.request({\n            'endpoint': 'Slack',\n            'method': 'GET',\n            'path': '/conversations.list?token=' + http.authenticate( 'Slack' ) + cursor\n        });\n        \n        slackResponse = slackRequest.write();\n        slackBody     = JSON.parse( slackResponse.body );\n        if( !slackBody.ok ){\n            console.log( 'Error getting Channel list: ' + slackBody.error );\n            return null;\n        }\n    \n        for( var i in slackBody.channels ) {\n            //console.log( 'Checking \"' + slackBody.channels[i].name + '\"' );\n            if( slackBody.channels[i].name == channelName )\n              return slackBody.channels[i];\n        }\n        \n        if( slackBody.response_metadata && slackBody.response_metadata.next_cursor ) {\n            cursor = \"&cursor=\" + slackBody.response_metadata.next_cursor;\n            more = true;\n        }\n        else\n           more = false;\n    \n    } while( more );\n            \n    return null;\n            \n}\n\n\nfunction getChannelDetails( channelID ) {\n\n\n    var slackRequest = http.request({\n        'endpoint': 'Slack',\n        'method': 'GET',\n        'path': '/conversations.info?token=' + http.authenticate( 'Slack' ) + '&channel=' + channelID\n    });\n    \n    var slackResponse = slackRequest.write();\n    var slackBody     = JSON.parse( slackResponse.body );\n\n    if( !slackBody.ok ){\n        console.log( 'Error getting Channel: ' + slackBody.error );\n        return null;\n    }\n    \n    return slackBody.channel;\n}\n\n\n\n\n",
    "endpointAuthType": "OAUTH_SLACK",
    "endpointLabel": "Slack",
    "allowedEnvironment": "HOSTED",
    "accessibleByAll": "NotShared",
    "scriptStepType": "USER",
    "inputs": [
      {
        "id": "89e48d81-4772-4680-97e9-aa938e502659",
        "name": "Channel Name",
        "helpText": "The name of the channel to archive {channel}",
        "defaultValue": "",
        "multiline": false,
        "required": true,
        "validationRegex": "",
        "maxLength": 22,
        "minLength": 0,
        "position": 0
      },
      {
        "id": "5dca6bd8-87fb-427e-b112-97907dc586bd",
        "name": "Throw error if not found?",
        "helpText": "Throws an error if the channel is not found. Otherwise, silently continues.",
        "defaultValue": "false",
        "multiline": false,
        "required": false,
        "validationRegex": "",
        "maxLength": 2000,
        "minLength": 0,
        "position": 1
      }
    ],
    "outputs": [],
    "libraries": []
  }
]